{
  "train_loss": [
    0.33432621667385104,
    0.17209284236431122,
    0.16327750085592269,
    0.1488569160103798,
    0.14665414912700653
  ],
  "val_loss": [
    0.18661744743585587,
    0.17974435091018676,
    0.15210090279579164,
    0.14353965669870378,
    0.1435215674340725
  ]
}